{
  "filesystem_scan_demo.py": [
    1757572629.7379496,
    2776
  ],
  "func_checks_gitfrompy.py": [
    1756706117.6607783,
    1225
  ],
  "state.json": [
    1757572635.5366068,
    207
  ]
}